Dataset,Sampling Method,Accuracy,Example Leakage,Running_Time,F1_Score,Precisions,Recalls,FeatureEncoder_Time,TruePositive,FalsePositive,FalseNegative,TrueNegative
helpdesk,none,0.8172401035886052,0.9796522382537921,25.89072322845459,0.7805520451341834,0.7651819745323509,0.8172401035886052,0.015550374984741211,2209,494,494,21130
helpdesk,relevance 0.3,0.7359154929577465,0.9788732394366197,5.180422306060791,0.6840375537455078,0.6443504748768039,0.7359154929577465,1.321169137954712,627,225,225,4035
helpdesk,relevance 0.5,0.7694915254237288,0.9884745762711864,6.395479202270508,0.7208063605955682,0.7044816624578983,0.7694915254237288,1.8357319831848145,1135,340,340,7035
helpdesk,relevance 0.7,0.7935285053929122,0.9861325115562404,10.758817672729492,0.7412278863810986,0.6976843403359769,0.7935285053929122,3.5145630836486816,1545,402,402,15174
