Dataset,Sampling Method,Accuracy,Example Leakage,Running_Time,F1_Score,Precisions,Recalls,FeatureEncoder_Time,TruePositive,FalsePositive,FalseNegative,TrueNegative
mobis2019,none,0.8633321381618262,0.973706226843552,193.84312057495117,0.8417734587143421,0.8378135710523974,0.8633321381618262,0.23737883567810059,14447,2287,2287,432797
mobis2019,relevance 0.3,0.8464898091232611,0.9516337754771919,57.90336799621582,0.8210108262254587,0.839616873254062,0.8464898091232611,36.24318981170654,5233,949,949,153601
mobis2019,relevance 0.5,0.8599448360404536,0.9566860762079885,133.02301335334778,0.8350248124382411,0.8319865825755348,0.8599448360404536,119.1472954750061,8418,1371,1371,253143
mobis2019,relevance 0.7,0.8678296401068678,0.9696683954109697,89.74125671386719,0.843761920816219,0.8370658342571919,0.8678296401068678,55.11561989784241,11044,1682,1682,329194
